﻿<parameters>
  <parameter name="IIS Web Application Name" defaultValue="Default Web Site/" tags="IisApp">
    <parameterEntry kind="ProviderPath" scope="IisApp" match="^D:\\SIDE\ JOB\\PatuhService\\PatuhService\\obj\\Debug\\Package\\PackageTmp$" />
    <parameterEntry kind="ProviderPath" scope="setAcl" match="^D:\\SIDE\ JOB\\PatuhService\\PatuhService\\obj\\Debug\\Package\\PackageTmp$" />
  </parameter>
  <parameter name="DefaultConnection-Web.config Connection String" description="DefaultConnection Connection String used in web.config by the application to access the database." defaultValue="Data Source=aal711cbuz184q.cudpqetsnx5t.ap-southeast-1.rds.amazonaws.com;Initial Catalog=Patuh;User ID=patuhdb;Password=adminpatuh;" tags="SqlConnectionString">
    <parameterEntry kind="XmlFile" scope="D:\\SIDE\ JOB\\PatuhService\\PatuhService\\obj\\Debug\\Package\\PackageTmp\\Web\.config$" match="/configuration/connectionStrings/add[@name='DefaultConnection']/@connectionString" />
  </parameter>
  <parameter name="PatuhEntities-Web.config Connection String" description="PatuhEntities Connection String used in web.config by the application to access the database." defaultValue="metadata=res://*/Models.PatuhDb.csdl|res://*/Models.PatuhDb.ssdl|res://*/Models.PatuhDb.msl;provider=System.Data.SqlClient;provider connection string=&quot;data source=aal711cbuz184q.cudpqetsnx5t.ap-southeast-1.rds.amazonaws.com;initial catalog=Patuh;user id=patuhdb;password=adminpatuh;multipleactiveresultsets=True;App=EntityFramework&quot;" tags="SqlConnectionString">
    <parameterEntry kind="XmlFile" scope="D:\\SIDE\ JOB\\PatuhService\\PatuhService\\obj\\Debug\\Package\\PackageTmp\\Web\.config$" match="/configuration/connectionStrings/add[@name='PatuhEntities']/@connectionString" />
  </parameter>
</parameters>